web-scraper-order,web-scraper-start-url,properties,properties-href,address,bed,bath,sqft,price
"1656273274-222","https://www.realtor.com/realestateandhomes-search/30062/pg-1","","https://www.realtor.com/realestateandhomes-detail/1604-Glen-Ivy-16_Marietta_GA_30062_M55425-03565","1604 Glen Ivy Unit 16, Marietta, GA 30062","3","2.5","1,873","$429,900"
"1656272425-97","https://www.realtor.com/realestateandhomes-search/30062/pg-4","","https://www.realtor.com/realestateandhomes-detail/2130-Heritage-Trace-Dr_Marietta_GA_30062_M56085-77487","2130 Heritage Trace Dr, Marietta, GA 30062","4","2.5","1,941","$525,000"
"1656272339-86","https://www.realtor.com/realestateandhomes-search/30062/pg-5","","https://www.realtor.com/realestateandhomes-detail/2545-Wynmont-Pl_Marietta_GA_30062_M64032-83678","null","null","null","null","null"
"1656273380-243","https://www.realtor.com/realestateandhomes-search/30062/pg-1","","https://www.realtor.com/realestateandhomes-detail/2405-Chestnut-Springs-Trl_Marietta_GA_30062_M58972-08510","2405 Chestnut Springs Trl, Marietta, GA 30062","4","3.5","2,741","$560,000"
"1656271851-20","https://www.realtor.com/realestateandhomes-search/30062/pg-6","","https://www.realtor.com/realestateandhomes-detail/3102-Holly-Springs-Rd-NE_Marietta_GA_30062_M61628-10982","3102 Holly Springs Rd NE, Marietta, GA 30062","3","2","null","$1,150,000"
"1656272346-87","https://www.realtor.com/realestateandhomes-search/30062/pg-5","","https://www.realtor.com/realestateandhomes-detail/1700-Cedar-Bluff-Way_Marietta_GA_30062_M69546-55521","1700 Cedar Bluff Way, Marietta, GA 30062","3","2.5","1,332","$300,000"
"1656273079-188","https://www.realtor.com/realestateandhomes-search/30062/pg-2","","https://www.realtor.com/realestateandhomes-detail/2199-Bull-Run-Ct_Marietta_GA_30062_M63485-10446","2199 Bull Run Ct, Marietta, GA 30062","4","2.5","null","$448,745"
"1656272166-62","https://www.realtor.com/realestateandhomes-search/30062/pg-5","","https://www.realtor.com/realestateandhomes-detail/2902-Pathview-Ln_Marietta_GA_30062_M61078-21096","2902 Pathview Ln, Marietta, GA 30062","4","3","null","$539,900"
"1656273347-235","https://www.realtor.com/realestateandhomes-search/30062/pg-1","","https://www.realtor.com/realestateandhomes-detail/2866-Interlaken-Dr_Marietta_GA_30062_M62096-31651","2866 Interlaken Dr, Marietta, GA 30062","4","2.5","3,067","$649,900"
"1656272963-172","https://www.realtor.com/realestateandhomes-search/30062/pg-3","","https://www.realtor.com/realestateandhomes-detail/210-Old-Bee-Tree-Dr_Marietta_GA_30062_M69569-80531","210 Old Bee Tree Dr, Marietta, GA 30062","3","2","1,202","$325,000"
"1656272469-103","https://www.realtor.com/realestateandhomes-search/30062/pg-4","","https://www.realtor.com/realestateandhomes-detail/1545-Reids-Ferry-Way_Marietta_GA_30062_M60663-33249","1545 Reids Ferry Way, Marietta, GA 30062","3","2.5","2,525","$500,000"
"1656272454-101","https://www.realtor.com/realestateandhomes-search/30062/pg-4","","https://www.realtor.com/realestateandhomes-detail/3558-Chestatee-Dr_Marietta_GA_30062_M63285-21380","3558 Chestatee Dr, Marietta, GA 30062","3","3","null","$450,900"
"1656272137-58","https://www.realtor.com/realestateandhomes-search/30062/pg-5","","https://www.realtor.com/realestateandhomes-detail/1977-Stafford-Pl_Marietta_GA_30062_M50018-56975","1977 Stafford Pl, Marietta, GA 30062","5","3.5","2,775","$549,900"
"1656272614-124","https://www.realtor.com/realestateandhomes-search/30062/pg-4","","https://www.realtor.com/realestateandhomes-detail/2340-Mitchell-Rd-NE_Marietta_GA_30062_M60765-06332","2340 Mitchell Rd NE, Marietta, GA 30062","3","2.5","2,511","$400,000"
"1656272919-166","https://www.realtor.com/realestateandhomes-search/30062/pg-3","","https://www.realtor.com/realestateandhomes-detail/3352-Woodrun-Trl_Marietta_GA_30062_M57029-00737","3352 Woodrun Trl, Marietta, GA 30062","4","3","2,230","$425,000"
"1656272750-142","https://www.realtor.com/realestateandhomes-search/30062/pg-3","","https://www.realtor.com/realestateandhomes-detail/2995-Wendwood-Dr_Marietta_GA_30062_M54577-53994","2995 Wendwood Dr, Marietta, GA 30062","4","2","2,030","$435,000"
"1656273310-229","https://www.realtor.com/realestateandhomes-search/30062/pg-1","","https://www.realtor.com/realestateandhomes-detail/2260-Abbey-Cove-Ct_Marietta_GA_30062_M52792-19681","2260 Abbey Cove Ct, Marietta, GA 30062","5","4.5","3,981","$797,900"
"1656272153-60","https://www.realtor.com/realestateandhomes-search/30062/pg-5","","https://www.realtor.com/realestateandhomes-detail/983-Overbrook-Cir_Marietta_GA_30062_M66630-86787","983 Overbrook Cir, Marietta, GA 30062","5","3","1,981","$429,000"
"1656272608-123","https://www.realtor.com/realestateandhomes-search/30062/pg-4","","https://www.realtor.com/realestateandhomes-detail/4331-Bishop-Lake-Rd_Marietta_GA_30062_M50640-53833","4331 Bishop Lake Rd, Marietta, GA 30062","6","6.5","5,859","$1,800,000"
"1656273193-206","https://www.realtor.com/realestateandhomes-search/30062/pg-2","","https://www.realtor.com/realestateandhomes-detail/2794-Long-Grove-Dr_Marietta_GA_30062_M61892-84446","2794 Long Grove Dr, Marietta, GA 30062","6","6.5","7,708","$1,300,000"
"1656273010-178","https://www.realtor.com/realestateandhomes-search/30062/pg-2","","https://www.realtor.com/realestateandhomes-detail/2795-Bentwood-Dr_Marietta_GA_30062_M63848-44740","2795 Bentwood Dr, Marietta, GA 30062","3","2","1,620","$475,000"
"1656273261-219","https://www.realtor.com/realestateandhomes-search/30062/pg-1","","https://www.realtor.com/realestateandhomes-detail/1605-Glen-Ivy-16_Marietta_GA_30062_M52409-84824","1605 Glen Ivy Unit 16, Marietta, GA 30062","3","2.5","1,758","$409,900"
"1656272567-117","https://www.realtor.com/realestateandhomes-search/30062/pg-4","","https://www.realtor.com/realestateandhomes-detail/3201-Normandy-Cir-NE_Marietta_GA_30062_M60585-81413","3201 Normandy Cir NE, Marietta, GA 30062","5","2.5","3,170","$485,000"
"1656272117-55","https://www.realtor.com/realestateandhomes-search/30062/pg-5","","https://www.realtor.com/realestateandhomes-detail/2161-Fox-Hound-Pkwy_Marietta_GA_30062_M64783-75957","2161 Fox Hound Pkwy, Marietta, GA 30062","4","2.5","2,388","$625,000"
"1656272868-159","https://www.realtor.com/realestateandhomes-search/30062/pg-3","","https://www.realtor.com/realestateandhomes-detail/1245-Stonecroft-Way_Marietta_GA_30062_M61964-46324","1245 Stonecroft Way, Marietta, GA 30062","6","6.5+","8,687","$1,800,000"
"1656272699-135","https://www.realtor.com/realestateandhomes-search/30062/pg-3","","https://www.realtor.com/realestateandhomes-detail/3680-Wesley-Chapel-Rd_Marietta_GA_30062_M52924-52084","3680 Wesley Chapel Rd, Marietta, GA 30062","null","null","null","$299,000"
"1656272212-68","https://www.realtor.com/realestateandhomes-search/30062/pg-5","","https://www.realtor.com/realestateandhomes-detail/3580-Pebble-Hill-Dr_Marietta_GA_30062_M51872-51890","3580 Pebble Hill Dr, Marietta, GA 30062","4","2.5","2,856","$450,000"
"1656272145-59","https://www.realtor.com/realestateandhomes-search/30062/pg-5","","https://www.realtor.com/realestateandhomes-detail/2238-Hill-Creek-Way_Marietta_GA_30062_M51715-59779","2238 Hill Creek Way, Marietta, GA 30062","4","2.5","2,684","$539,000"
"1656273197-207","https://www.realtor.com/realestateandhomes-search/30062/pg-2","","https://www.realtor.com/realestateandhomes-detail/3339-Hunters-Lodge-Rd_Marietta_GA_30062_M66113-69882","3339 Hunters Lodge Rd, Marietta, GA 30062","3","3","2,010","$416,000"
"1656272027-44","https://www.realtor.com/realestateandhomes-search/30062/pg-6","","https://www.realtor.com/realestateandhomes-detail/4166-Shallowford-Rd_Marietta_GA_30062_M52766-78780","4166 Shallowford Rd, Marietta, GA 30062","4","4","null","$560,000"
"1656272462-102","https://www.realtor.com/realestateandhomes-search/30062/pg-4","","https://www.realtor.com/realestateandhomes-detail/1601-Glen-Ivy-16_Marietta_GA_30062_M53340-37882","1601 Glen Ivy Unit 16, Marietta, GA 30062","3","2.5","1,758","$414,900"
"1656273425-252","https://www.realtor.com/realestateandhomes-search/30062/pg-1","","https://www.realtor.com/realestateandhomes-detail/3845-Bluffview-Dr_Marietta_GA_30062_M56205-80270","3845 Bluffview Dr, Marietta, GA 30062","4","2.5","2,824","$425,000"
"1656273121-194","https://www.realtor.com/realestateandhomes-search/30062/pg-2","","https://www.realtor.com/realestateandhomes-detail/1847-Beaver-Dam-Ln-NE_Marietta_GA_30062_M52509-79801","1847 Beaver Dam Ln NE, Marietta, GA 30062","4","3.5","1,800","$425,000"
"1656272130-57","https://www.realtor.com/realestateandhomes-search/30062/pg-5","","https://www.realtor.com/realestateandhomes-detail/3792-Raccoon-Run_Marietta_GA_30062_M64579-49146","3792 Raccoon Run, Marietta, GA 30062","4","3.5","2,846","$600,000"
"1656272204-67","https://www.realtor.com/realestateandhomes-search/30062/pg-5","","https://www.realtor.com/realestateandhomes-detail/2991-Pauls-Way_Marietta_GA_30062_M60893-74454","2991 Pauls Way, Marietta, GA 30062","3","2","null","$499,900"
"1656272268-76","https://www.realtor.com/realestateandhomes-search/30062/pg-5","","https://www.realtor.com/realestateandhomes-detail/2283-Edgemere-Lake-Cir_Marietta_GA_30062_M61774-97036","2283 Edgemere Lake Cir, Marietta, GA 30062","5","5","4,407","$890,000"
"1656273323-231","https://www.realtor.com/realestateandhomes-search/30062/pg-1","","https://www.realtor.com/realestateandhomes-detail/2704-Tritt-Springs-Trce-NE_Marietta_GA_30062_M63429-69193","2704 Tritt Springs Trce NE, Marietta, GA 30062","4","3","2,556","$525,000"
"1656273087-189","https://www.realtor.com/realestateandhomes-search/30062/pg-2","","https://www.realtor.com/realestateandhomes-detail/1825-Annwicks-Dr_Marietta_GA_30062_M51686-22068","1825 Annwicks Dr, Marietta, GA 30062","4","2.5+","null","$550,000"
"1656273222-212","https://www.realtor.com/realestateandhomes-search/30062/pg-2","","https://www.realtor.com/realestateandhomes-detail/2595-Pope-Manor-Way_Marietta_GA_30062_M57858-12904","2595 Pope Manor Way, Marietta, GA 30062","7","7.5","7,500","$1,150,000"
"1656272841-155","https://www.realtor.com/realestateandhomes-search/30062/pg-3","","https://www.realtor.com/realestateandhomes-detail/2635-Indian-Lake-Dr_Marietta_GA_30062_M62034-97291","2635 Indian Lake Dr, Marietta, GA 30062","6","6.5","6,055","$1,399,000"
"1656272336-85","https://www.realtor.com/realestateandhomes-search/30062/pg-5","","https://www.realtor.com/realestateandhomes-detail/2264-Belle-Vista-Ct_Marietta_GA_30062_M61815-10385","2264 Belle Vista Ct, Marietta, GA 30062","3","3.5","2,925","$522,000"
"1656273366-240","https://www.realtor.com/realestateandhomes-search/30062/pg-1","","https://www.realtor.com/realestateandhomes-detail/3838-Bluffview-Dr_Marietta_GA_30062_M56136-11538","3838 Bluffview Dr, Marietta, GA 30062","4","3.5","3,602","$695,000"
"1656272855-157","https://www.realtor.com/realestateandhomes-search/30062/pg-3","","https://www.realtor.com/realestateandhomes-detail/3929-Tall-Pine-Dr_Marietta_GA_30062_M56352-66200","3929 Tall Pine Dr, Marietta, GA 30062","4","2.5","2,400","$625,000"
"1656272254-74","https://www.realtor.com/realestateandhomes-search/30062/pg-5","","https://www.realtor.com/realestateandhomes-detail/3897-Beacon-St_Marietta_GA_30062_M55973-63587","3897 Beacon St, Marietta, GA 30062","3","2.5","3,348","$550,000"
"1656272847-156","https://www.realtor.com/realestateandhomes-search/30062/pg-3","","https://www.realtor.com/realestateandhomes-detail/2713-Post-Oak-Dr_Marietta_GA_30062_M64656-11409","2713 Post Oak Dr, Marietta, GA 30062","3","2","1,385","$385,000"
"1656272939-169","https://www.realtor.com/realestateandhomes-search/30062/pg-3","","https://www.realtor.com/realestateandhomes-detail/1812-Danforth-Dr_Marietta_GA_30062_M51478-27672","1812 Danforth Dr, Marietta, GA 30062","5","4.5","4,319","$825,000"
"1656272925-167","https://www.realtor.com/realestateandhomes-search/30062/pg-3","","https://www.realtor.com/realestateandhomes-detail/4671-Amberwood-Trl_Marietta_GA_30062_M64665-62653","4671 Amberwood Trl, Marietta, GA 30062","4","2.5+","3,487","$575,000"
"1656273288-225","https://www.realtor.com/realestateandhomes-search/30062/pg-1","","https://www.realtor.com/realestateandhomes-detail/1603-Glen-Ivy-16_Marietta_GA_30062_M57248-83088","1603 Glen Ivy Unit 16, Marietta, GA 30062","3","2.5","1,758","$409,900"
"1656272511-109","https://www.realtor.com/realestateandhomes-search/30062/pg-4","","https://www.realtor.com/realestateandhomes-detail/1653-Barn-Swallow-Pl_Marietta_GA_30062_M54951-08990","1653 Barn Swallow Pl, Marietta, GA 30062","4","2.5","2,652","$499,900"
"1656272793-148","https://www.realtor.com/realestateandhomes-search/30062/pg-3","","https://www.realtor.com/realestateandhomes-detail/2699-Tritt-Springs-Trce-NE_Marietta_GA_30062_M63402-86045","2699 Tritt Springs Trce NE, Marietta, GA 30062","4","3","2,962","$650,000"
"1656271866-22","https://www.realtor.com/realestateandhomes-search/30062/pg-6","","https://www.realtor.com/realestateandhomes-detail/4039-Oak-Forest-Cir_Marietta_GA_30062_M50959-16214","4039 Oak Forest Cir, Marietta, GA 30062","5","5.5","5,114","$1,700,000"
"1656271941-32","https://www.realtor.com/realestateandhomes-search/30062/pg-6","","https://www.realtor.com/realestateandhomes-detail/4256-Biltmore-Pl-NE_Marietta_GA_30062_M97564-19802","4256 Biltmore Pl NE, Marietta, GA 30062","5","5.5","null","$1,489,000"
"1656272354-88","https://www.realtor.com/realestateandhomes-search/30062/pg-5","","https://www.realtor.com/realestateandhomes-detail/1456-Cameron-Glen-Dr_Marietta_GA_30062_M68517-75626","1456 Cameron Glen Dr, Marietta, GA 30062","4","4","4,572","$595,000"
"1656272977-174","https://www.realtor.com/realestateandhomes-search/30062/pg-3","","https://www.realtor.com/realestateandhomes-detail/1303-Glen-Ivy-13_Marietta_GA_30062_M57357-12956","1303 Glen Ivy Unit 13, Marietta, GA 30062","3","3.5","2,463","$443,000"
"1656272197-66","https://www.realtor.com/realestateandhomes-search/30062/pg-5","","https://www.realtor.com/realestateandhomes-detail/1460-Cameron-Glen-Dr_Marietta_GA_30062_M68515-89297","1460 Cameron Glen Dr, Marietta, GA 30062","4","3.5","null","$575,000"
"1656272159-61","https://www.realtor.com/realestateandhomes-search/30062/pg-5","","https://www.realtor.com/realestateandhomes-detail/3471-Cochran-Shore-Cv-NE_Marietta_GA_30062_M93381-41026","3471 Cochran Shore Cv NE, Marietta, GA 30062","5","5.5","4,000","$1,179,000"
"1656273052-184","https://www.realtor.com/realestateandhomes-search/30062/pg-2","","https://www.realtor.com/realestateandhomes-detail/2373-Woodsfield-Ln-NE_Marietta_GA_30062_M60800-46596","2373 Woodsfield Ln NE, Marietta, GA 30062","4","2.5","4,114","$599,000"
"1656271883-24","https://www.realtor.com/realestateandhomes-search/30062/pg-6","","https://www.realtor.com/realestateandhomes-detail/Bishop-Lake-Rd_Marietta_GA_30062_M95985-04993","Bishop Lake Rd, Marietta, GA 30062","null","null","null","$825,000"
"1656273236-215","https://www.realtor.com/realestateandhomes-search/30062/pg-2","","https://www.realtor.com/realestateandhomes-detail/1658-Cedar-Bluff-Way_Marietta_GA_30062_M69859-21647","1658 Cedar Bluff Way, Marietta, GA 30062","2","2.5","1,232","$253,900"
"1656273406-248","https://www.realtor.com/realestateandhomes-search/30062/pg-1","","https://www.realtor.com/realestateandhomes-detail/4970-Heritage-Trace-Ct_Marietta_GA_30062_M56091-73742","4970 Heritage Trace Ct, Marietta, GA 30062","4","2.5","2,136","$489,900"
"1656272742-141","https://www.realtor.com/realestateandhomes-search/30062/pg-3","","https://www.realtor.com/realestateandhomes-detail/2584-Warwick-Dr_Marietta_GA_30062_M59963-10023","2584 Warwick Dr, Marietta, GA 30062","4","2","null","$500,000"
"1656273297-227","https://www.realtor.com/realestateandhomes-search/30062/pg-1","","https://www.realtor.com/realestateandhomes-detail/811-Pinnacle-Pl_Marietta_GA_30062_M50495-34636","811 Pinnacle Pl, Marietta, GA 30062","7","7.5","8,524","$1,325,000"
"1656272799-149","https://www.realtor.com/realestateandhomes-search/30062/pg-3","","https://www.realtor.com/realestateandhomes-detail/4152-Avid-Park-1_Marietta_GA_30062_M96734-43526","4152 Avid Park NE Unit 1, Marietta, GA 30062","3","3.5","null","$835,000"
"1656273293-226","https://www.realtor.com/realestateandhomes-search/30062/pg-1","","https://www.realtor.com/realestateandhomes-detail/4090-Oak-Forest-Cir_Marietta_GA_30062_M51127-23154","4090 Oak Forest Cir, Marietta, GA 30062","6","6.5","7,332","$1,895,000"
"1656273107-192","https://www.realtor.com/realestateandhomes-search/30062/pg-2","","https://www.realtor.com/realestateandhomes-detail/4117-Avid-Park-24_Marietta_GA_30062_M98296-01450","4117 Avid Park NE Unit 24, Marietta, GA 30062","3","3.5","2,898","$943,000"
"1656272301-80","https://www.realtor.com/realestateandhomes-search/30062/pg-5","","https://www.realtor.com/realestateandhomes-detail/1562-Emerald-Glen-Dr_Marietta_GA_30062_M68936-71289","1562 Emerald Glen Dr, Marietta, GA 30062","5","3.5","null","$519,000"
"1656272664-131","https://www.realtor.com/realestateandhomes-search/30062/pg-4","","https://www.realtor.com/realestateandhomes-detail/4710-Roswell-Rd_Marietta_GA_30062_M65260-01832","4710 Roswell Rd, Marietta, GA 30062","6","6.5","6,500","$945,000"
"1656272011-42","https://www.realtor.com/realestateandhomes-search/30062/pg-6","","https://www.realtor.com/realestateandhomes-detail/4186-Shallowford-Rd_Marietta_GA_30062_M52762-31588","4186 Shallowford Rd, Marietta, GA 30062","4","4","null","$560,000"
"1656272544-114","https://www.realtor.com/realestateandhomes-search/30062/pg-4","","https://www.realtor.com/realestateandhomes-detail/2187-Smoke-Stone-Cir_Marietta_GA_30062_M62212-47252","2187 Smoke Stone Cir, Marietta, GA 30062","4","3","4,754","$689,000"
"1656273328-232","https://www.realtor.com/realestateandhomes-search/30062/pg-1","","https://www.realtor.com/realestateandhomes-detail/2193-Bliss-Ln_Marietta_GA_30062_M57929-04313","2193 Bliss Ln, Marietta, GA 30062","4","4.5","null","$1,590,000"
"1656272110-54","https://www.realtor.com/realestateandhomes-search/30062/pg-5","","https://www.realtor.com/realestateandhomes-detail/1131-Beech-St_Marietta_GA_30062_M66541-68854","1131 Beech St, Marietta, GA 30062","4","3","null","$525,000"
"1656273441-255","https://www.realtor.com/realestateandhomes-search/30062/pg-1","","https://www.realtor.com/realestateandhomes-detail/1285-Robert-Ln_Marietta_GA_30062_M66967-49305","1285 Robert Ln, Marietta, GA 30062","5","5.5","6,442","$2,100,000"
"1656271904-27","https://www.realtor.com/realestateandhomes-search/30062/pg-6","","https://www.realtor.com/realestateandhomes-detail/0-Bishop-Lake-Rd_Marietta_GA_30062_M91362-37334","Bishop Lake Rd, Marietta, GA 30062","null","null","null","$825,000"
"1656273402-247","https://www.realtor.com/realestateandhomes-search/30062/pg-1","","https://www.realtor.com/realestateandhomes-detail/2363-Prince-Howard-Way_Marietta_GA_30062_M60280-97872","2363 Prince Howard Way, Marietta, GA 30062","5","3.5","3,336","$575,000"
"1656273384-244","https://www.realtor.com/realestateandhomes-search/30062/pg-1","","https://www.realtor.com/realestateandhomes-detail/1777-Danforth-Ct_Marietta_GA_30062_M55939-75535","1777 Danforth Ct, Marietta, GA 30062","5","4.5","4,946","$875,000"
"1656272240-72","https://www.realtor.com/realestateandhomes-search/30062/pg-5","","https://www.realtor.com/realestateandhomes-detail/2111-Heritage-Trace-Dr_Marietta_GA_30062_M56083-91158","2111 Heritage Trace Dr, Marietta, GA 30062","3","2.5","1,632","$400,000"
"1656272931-168","https://www.realtor.com/realestateandhomes-search/30062/pg-3","","https://www.realtor.com/realestateandhomes-detail/1600-Tappahannock-Trl_Marietta_GA_30062_M57433-37953","1600 Tappahannock Trl, Marietta, GA 30062","4","3","2,240","$499,000"
"1656273207-209","https://www.realtor.com/realestateandhomes-search/30062/pg-2","","https://www.realtor.com/realestateandhomes-detail/2992-Sloans-Way_Marietta_GA_30062_M59929-67461","2992 Sloans Way, Marietta, GA 30062","3","2.5","2,114","$415,000"
"1656273113-193","https://www.realtor.com/realestateandhomes-search/30062/pg-2","","https://www.realtor.com/realestateandhomes-detail/2049-Kramer-Way_Marietta_GA_30062_M63197-41138","2049 Kramer Way, Marietta, GA 30062","3","2.5","2,649","$495,000"
"1656272771-145","https://www.realtor.com/realestateandhomes-search/30062/pg-3","","https://www.realtor.com/realestateandhomes-detail/2107-Fenchurch-Ln_Marietta_GA_30062_M55962-44047","2107 Fenchurch Ln, Marietta, GA 30062","3","3","3,073","$679,000"
"1656272728-139","https://www.realtor.com/realestateandhomes-search/30062/pg-3","","https://www.realtor.com/realestateandhomes-detail/2733-Bentwood-Dr_Marietta_GA_30062_M63817-14401","2733 Bentwood Dr, Marietta, GA 30062","4","3","2,350","$539,900"
"1656272383-92","https://www.realtor.com/realestateandhomes-search/30062/pg-5","","https://www.realtor.com/realestateandhomes-detail/2960-Walker-Dr_Marietta_GA_30062_M60181-96504","2960 Walker Dr, Marietta, GA 30062","3","2","2,638","$299,000"
"1656272600-122","https://www.realtor.com/realestateandhomes-search/30062/pg-4","","https://www.realtor.com/realestateandhomes-detail/724-Bonnie-Dell-Dr_Marietta_GA_30062_M61396-37987","724 Bonnie Dell Dr, Marietta, GA 30062","3","2","1,296","$340,000"
"1656272189-65","https://www.realtor.com/realestateandhomes-search/30062/pg-5","","https://www.realtor.com/realestateandhomes-detail/2228-Lasalle-Dr_Marietta_GA_30062_M58766-80050","2228 Lasalle Dr, Marietta, GA 30062","5","4.5","5,303","$1,025,000"
"1656271898-26","https://www.realtor.com/realestateandhomes-search/30062/pg-6","","https://www.realtor.com/realestateandhomes-detail/4253-Biltmore-Pl-NE_Marietta_GA_30062_M94900-03120","4253 Biltmore Pl NE, Marietta, GA 30062","5","5.5","4,825","$1,750,000"
"1656272875-160","https://www.realtor.com/realestateandhomes-search/30062/pg-3","","https://www.realtor.com/realestateandhomes-detail/3314-Keenland-Rd_Marietta_GA_30062_M57151-27634","3314 Keenland Rd, Marietta, GA 30062","5","4.5","4,642","$775,000"
"1656273391-245","https://www.realtor.com/realestateandhomes-search/30062/pg-1","","https://www.realtor.com/realestateandhomes-detail/1090-Soaring-Dr_Marietta_GA_30062_M65124-95113","1090 Soaring Dr, Marietta, GA 30062","3","2","1,712","$450,000"
"1656273072-187","https://www.realtor.com/realestateandhomes-search/30062/pg-2","","https://www.realtor.com/realestateandhomes-detail/4433-Waterbury-Ln_Marietta_GA_30062_M57879-87107","4433 Waterbury Ln, Marietta, GA 30062","5","4.5","5,319","$939,000"
"1656272483-105","https://www.realtor.com/realestateandhomes-search/30062/pg-4","","https://www.realtor.com/realestateandhomes-detail/2100-Shadow-Woods-Pl-NE_Marietta_GA_30062_M68216-76117","2100 Shadow Woods Pl NENE, Marietta, GA 30062","4","2.5","2,473","$489,000"
"1656273227-213","https://www.realtor.com/realestateandhomes-search/30062/pg-2","","https://www.realtor.com/realestateandhomes-detail/2245-Mainsail-Ct_Marietta_GA_30062_M55313-05593","2245 Mainsail Ct, Marietta, GA 30062","4","2.5","2,025","$425,000"
"1656272984-175","https://www.realtor.com/realestateandhomes-search/30062/pg-3","","https://www.realtor.com/realestateandhomes-detail/3859-W-Clinton-Ct_Marietta_GA_30062_M69669-38761","3859 W Clinton Ct, Marietta, GA 30062","3","2.5","null","$449,000"
"1656273217-211","https://www.realtor.com/realestateandhomes-search/30062/pg-2","","https://www.realtor.com/realestateandhomes-detail/2961-Prince-Howard-Dr_Marietta_GA_30062_M54444-38681","2961 Prince Howard Dr, Marietta, GA 30062","4","2.5","2,508","$495,000"
"1656272439-99","https://www.realtor.com/realestateandhomes-search/30062/pg-4","","https://www.realtor.com/realestateandhomes-detail/2180-Winslow-Cottage-Cir-NE_Marietta_GA_30062_M57944-32217","2180 Winslow Cottage Cir NE, Marietta, GA 30062","2","3","2,922","$585,000"
"1656271964-35","https://www.realtor.com/realestateandhomes-search/30062/pg-6","","https://www.realtor.com/realestateandhomes-detail/2077-Kinridge-Ct_Marietta_GA_30062_M67643-98364","2077 Kinridge Ct, Marietta, GA 30062","null","null","null","$535,000"
"1656272049-47","https://www.realtor.com/realestateandhomes-search/30062/pg-6","","https://www.realtor.com/realestateandhomes-detail/2650-Roswell-Rd_Marietta_GA_30062_M54133-80067","2650 Roswell Rd, Marietta, GA 30062","null","null","null","$270,000"
"1656272573-118","https://www.realtor.com/realestateandhomes-search/30062/pg-4","","https://www.realtor.com/realestateandhomes-detail/2330-Willeo-Rill-Rd_Marietta_GA_30062_M55855-47135","2330 Willeo Rill Rd, Marietta, GA 30062","4","2.5","3,837","$510,000"
"1656273038-182","https://www.realtor.com/realestateandhomes-search/30062/pg-2","","https://www.realtor.com/realestateandhomes-detail/3765-Cochran-Lake-Dr_Marietta_GA_30062_M56952-61218","3765 Cochran Lake Dr, Marietta, GA 30062","4","3","2,876","$925,000"
"1656273359-238","https://www.realtor.com/realestateandhomes-search/30062/pg-1","","https://www.realtor.com/realestateandhomes-detail/1300-Spindlewood-Dr_Marietta_GA_30062_M60339-11297","1300 Spindlewood Dr, Marietta, GA 30062","5","5","8,478","$2,850,000"
"1656272093-52","https://www.realtor.com/realestateandhomes-search/30062/pg-5","","https://www.realtor.com/realestateandhomes-detail/4290-Freeman-Rd_Marietta_GA_30062_M57329-55611","4290 Freeman Rd, Marietta, GA 30062","null","null","null","$385,000"
"1656273302-228","https://www.realtor.com/realestateandhomes-search/30062/pg-1","","https://www.realtor.com/realestateandhomes-detail/2598-Stoney-Brook-Ln-NE_Marietta_GA_30062_M54662-76523","2598 Stoney Brook Ln NE, Marietta, GA 30062","null","null","null","$450,000"
"1656273341-234","https://www.realtor.com/realestateandhomes-search/30062/pg-1","","https://www.realtor.com/realestateandhomes-detail/2546-Telfair-Pl-NE_Marietta_GA_30062_M50493-07892","2546 Telfair Pl NE, Marietta, GA 30062","5","4.5","null","$605,900"
"1656273351-236","https://www.realtor.com/realestateandhomes-search/30062/pg-1","","https://www.realtor.com/realestateandhomes-detail/5108-Nicolet-Ct_Marietta_GA_30062_M55759-69788","5108 Nicolet Ct, Marietta, GA 30062","4","2.5","2,562","$499,000"
"1656272369-90","https://www.realtor.com/realestateandhomes-search/30062/pg-5","","https://www.realtor.com/realestateandhomes-detail/3832-Wesley-Chapel-Rd_Marietta_GA_30062_M55877-11708","3832 Wesley Chapel Rd, Marietta, GA 30062","5","6.5+","8,637","$2,000,000"
"1656272181-64","https://www.realtor.com/realestateandhomes-search/30062/pg-5","","https://www.realtor.com/realestateandhomes-detail/4322-Vienna-Way_Marietta_GA_30062_M52020-23724","4322 Vienna Way, Marietta, GA 30062","4","2.5","2,808","$600,000"
"1656271911-28","https://www.realtor.com/realestateandhomes-search/30062/pg-6","","https://www.realtor.com/realestateandhomes-detail/4261-Biltmore-Pl-NE-7_Marietta_GA_30062_M90780-47807","4261 Biltmore Pl NE Unit 7, Marietta, GA 30062","5","5.5","null","$1,695,000"
"1656271998-40","https://www.realtor.com/realestateandhomes-search/30062/pg-6","","https://www.realtor.com/realestateandhomes-detail/Roswell-Rd_Marietta_GA_30062_M99703-86274","Roswell Rd, Marietta, GA 30062","null","null","null","$239,900"
"1656272970-173","https://www.realtor.com/realestateandhomes-search/30062/pg-3","","https://www.realtor.com/realestateandhomes-detail/2018-Renford-Pointe_Marietta_GA_30062_M67739-01179","2018 Renford Pointe, Marietta, GA 30062","4","2.5","2,908","$525,000"
"1656272671-132","https://www.realtor.com/realestateandhomes-search/30062/pg-4","","https://www.realtor.com/realestateandhomes-detail/1646-Wildwood-Rd_Marietta_GA_30062_M56794-29490","1646 Wildwood Rd, Marietta, GA 30062","3","1.5","1,700","$339,900"
"1656273252-218","https://www.realtor.com/realestateandhomes-search/30062/pg-2","","https://www.realtor.com/realestateandhomes-detail/1251-Carolyn-St_Marietta_GA_30062_M57387-94137","1251 Carolyn St, Marietta, GA 30062","3","2","1,312","$259,000"
"1656273265-220","https://www.realtor.com/realestateandhomes-search/30062/pg-1","","https://www.realtor.com/realestateandhomes-detail/1604-Glen-Ivy_Marietta_GA_30062_M61532-17831","1604 Glen Ivy, Marietta, GA 30062","3","2.5","1,873","$429,900"
"1656273411-249","https://www.realtor.com/realestateandhomes-search/30062/pg-1","","https://www.realtor.com/realestateandhomes-detail/1140-Beech-St_Marietta_GA_30062_M66521-56493","1140 Beech St, Marietta, GA 30062","2","1","null","$299,900"
"1656272594-121","https://www.realtor.com/realestateandhomes-search/30062/pg-4","","https://www.realtor.com/realestateandhomes-detail/1774-Hasty-Rd_Marietta_GA_30062_M53171-64114","1774 Hasty Rd, Marietta, GA 30062","3","3","1,424","$385,000"
"1656273270-221","https://www.realtor.com/realestateandhomes-search/30062/pg-1","","https://www.realtor.com/realestateandhomes-detail/1606-Glen-Ivy-16_Marietta_GA_30062_M52763-87469","1606 Glen Ivy Unit 16, Marietta, GA 30062","3","2.5","1,873","$429,900"
"1656272123-56","https://www.realtor.com/realestateandhomes-search/30062/pg-5","","https://www.realtor.com/realestateandhomes-detail/1709-Kinsmon-Cv_Marietta_GA_30062_M57839-99651","1709 Kinsmon Cv, Marietta, GA 30062","5","3.5","3,800","$850,000"
"1656272418-96","https://www.realtor.com/realestateandhomes-search/30062/pg-4","","https://www.realtor.com/realestateandhomes-detail/3625-Mere-Ln_Marietta_GA_30062_M64823-62007","3625 Mere Ln, Marietta, GA 30062","6","6.5","5,170","$1,450,000"
"1656272396-93","https://www.realtor.com/realestateandhomes-search/30062/pg-4","","https://www.realtor.com/realestateandhomes-detail/3310-Acorn-Falls-Dr_Marietta_GA_30062_M59833-91762","3310 Acorn Falls Dr, Marietta, GA 30062","6","5.5","7,815","$1,599,000"
"1656272329-84","https://www.realtor.com/realestateandhomes-search/30062/pg-5","","https://www.realtor.com/realestateandhomes-detail/1716-Paddlewheel-Dr_Marietta_GA_30062_M62668-00755","1716 Paddlewheel Dr, Marietta, GA 30062","2","2.5","1,464","$275,000"
"1656272898-163","https://www.realtor.com/realestateandhomes-search/30062/pg-3","","https://www.realtor.com/realestateandhomes-detail/2853-Wendwood-Dr_Marietta_GA_30062_M54867-46898","2853 Wendwood Dr, Marietta, GA 30062","3","2.5","null","$385,000"
"1656272087-51","https://www.realtor.com/realestateandhomes-search/30062/pg-5","","https://www.realtor.com/realestateandhomes-detail/3531-Stone-Dr_Marietta_GA_30062_M55722-83608","3531 Stone Dr, Marietta, GA 30062","null","null","null","$725,000"
"1656273179-203","https://www.realtor.com/realestateandhomes-search/30062/pg-2","","https://www.realtor.com/realestateandhomes-detail/2447-Lizdionne-Loop_Marietta_GA_30062_M92540-71404","2447 Lizdionne Loop, Marietta, GA 30062","4","4.5","3,659","$969,321"
"1656272314-82","https://www.realtor.com/realestateandhomes-search/30062/pg-5","","https://www.realtor.com/realestateandhomes-detail/1609-Leesburg-Ct_Marietta_GA_30062_M60515-01404","1609 Leesburg Ct, Marietta, GA 30062","4","3.5","3,460","$600,000"
"1656272034-45","https://www.realtor.com/realestateandhomes-search/30062/pg-6","","https://www.realtor.com/realestateandhomes-detail/1770-Starlight-Dr_Marietta_GA_30062_M54791-21901","1770 Starlight Dr, Marietta, GA 30062","3","2","1,737","$376,000"
"1656273457-257","https://www.realtor.com/realestateandhomes-search/30062/pg-1","","https://www.realtor.com/realestateandhomes-detail/2951-Bea-Mar-Dr_Marietta_GA_30062_M68660-97121","2951 Bea Mar Dr, Marietta, GA 30062","5","3.5","3,858","$829,000"
"1656272679-133","https://www.realtor.com/realestateandhomes-search/30062/pg-4","","https://www.realtor.com/realestateandhomes-detail/3817-Oxford-Way-E_Marietta_GA_30062_M56868-76381","3817 Oxford Way E, Marietta, GA 30062","4","3","null","$305,000"
"1656271891-25","https://www.realtor.com/realestateandhomes-search/30062/pg-6","","https://www.realtor.com/realestateandhomes-detail/3550-Davis-Rd_Marietta_GA_30062_M65381-42305","3550 Davis Rd, Marietta, GA 30062","null","null","null","$700,000"
"1656272321-83","https://www.realtor.com/realestateandhomes-search/30062/pg-5","","https://www.realtor.com/realestateandhomes-detail/3601-Lassiter-Rd_Marietta_GA_30062_M56786-40608","3601 Lassiter Rd, Marietta, GA 30062","4","3.5","2,891","$450,000"
"1656273171-201","https://www.realtor.com/realestateandhomes-search/30062/pg-2","","https://www.realtor.com/realestateandhomes-detail/1101-Promontory-Dr_Marietta_GA_30062_M60968-54056","1101 Promontory Dr, Marietta, GA 30062","6","3.5","5,129","$869,000"
"1656272005-41","https://www.realtor.com/realestateandhomes-search/30062/pg-6","","https://www.realtor.com/realestateandhomes-detail/3298-Rangers-Gate_Marietta_GA_30062_M51290-31115","3298 Rangers Gate, Marietta, GA 30062","null","null","null","$149,900"
"1656272447-100","https://www.realtor.com/realestateandhomes-search/30062/pg-4","","https://www.realtor.com/realestateandhomes-detail/1507-Kingfisher-Dr_Marietta_GA_30062_M59066-36793","1507 Kingfisher Dr, Marietta, GA 30062","4","2.5","2,529","$589,000"
"1656272476-104","https://www.realtor.com/realestateandhomes-search/30062/pg-4","","https://www.realtor.com/realestateandhomes-detail/2067-Kinridge-Ct_Marietta_GA_30062_M67640-25704","2067 Kinridge Ct, Marietta, GA 30062","3","2.5","2,304","$460,000"
"1656271991-39","https://www.realtor.com/realestateandhomes-search/30062/pg-6","","https://www.realtor.com/realestateandhomes-detail/4113-Avid-Park-25_Marietta_GA_30062_M93860-47414","4113 Avid Park NE Unit 25, Marietta, GA 30062","3","3.5","3,333","$920,400"
"1656272757-143","https://www.realtor.com/realestateandhomes-search/30062/pg-3","","https://www.realtor.com/realestateandhomes-detail/1607-Glen-Ivy-16_Marietta_GA_30062_M53143-24199","1607 Glen Ivy Unit 16, Marietta, GA 30062","3","2.5","1,758","$435,645"
"1656273130-195","https://www.realtor.com/realestateandhomes-search/30062/pg-2","","https://www.realtor.com/realestateandhomes-detail/3012-Lassiter-Rd_Marietta_GA_30062_M59263-25103","3012 Lassiter Rd, Marietta, GA 30062","4","3.5","null","$640,000"
"1656273420-251","https://www.realtor.com/realestateandhomes-search/30062/pg-1","","https://www.realtor.com/realestateandhomes-detail/3238-Rangers-Gate_Marietta_GA_30062_M51259-38042","3238 Rangers Gate, Marietta, GA 30062","4","3","2,218","$495,000"
"1656273059-185","https://www.realtor.com/realestateandhomes-search/30062/pg-2","","https://www.realtor.com/realestateandhomes-detail/3240-Moss-Creek-Dr_Marietta_GA_30062_M51558-99860","3240 Moss Creek Dr, Marietta, GA 30062","4","2.5","null","$525,000"
"1656271984-38","https://www.realtor.com/realestateandhomes-search/30062/pg-6","","https://www.realtor.com/realestateandhomes-detail/2246-Roswell-Rd_Marietta_GA_30062_M64136-77207","Roswell Rd, Marietta, GA 30062","null","null","null","$239,900"
"1656273416-250","https://www.realtor.com/realestateandhomes-search/30062/pg-1","","https://www.realtor.com/realestateandhomes-detail/2499-Regency-Lake-Dr_Marietta_GA_30062_M52934-37081","2499 Regency Lake Dr, Marietta, GA 30062","5","4.5","4,273","$800,000"
"1656273332-233","https://www.realtor.com/realestateandhomes-search/30062/pg-1","","https://www.realtor.com/realestateandhomes-detail/2518-Kingsley-Dr-NE_Marietta_GA_30062_M53562-67461","2518 Kingsley Dr NE, Marietta, GA 30062","4","3","null","$425,000"
"1656272504-108","https://www.realtor.com/realestateandhomes-search/30062/pg-4","","https://www.realtor.com/realestateandhomes-detail/2585-Spencers-Trce-NE_Marietta_GA_30062_M50325-75484","2585 Spencers Trce NE, Marietta, GA 30062","4","3","null","$410,000"
"1656272375-91","https://www.realtor.com/realestateandhomes-search/30062/pg-5","","https://www.realtor.com/realestateandhomes-detail/1575-Wildwood-Rd_Marietta_GA_30062_M62339-09449","1575 Wildwood Rd, Marietta, GA 30062","3","2","1,064","$249,000"
"1656272956-171","https://www.realtor.com/realestateandhomes-search/30062/pg-3","","https://www.realtor.com/realestateandhomes-detail/2457-Alston-Dr-NE_Marietta_GA_30062_M54773-44508","2457 Alston Dr NE, Marietta, GA 30062","3","2.5","2,649","$425,000"
"1656273433-254","https://www.realtor.com/realestateandhomes-search/30062/pg-1","","https://www.realtor.com/realestateandhomes-detail/3841-Running-Fox-Dr_Marietta_GA_30062_M65219-05727","3841 Running Fox Dr, Marietta, GA 30062","4","2.5","null","$649,900"
"1656273159-199","https://www.realtor.com/realestateandhomes-search/30062/pg-2","","https://www.realtor.com/realestateandhomes-detail/1893-Clinton-Dr_Marietta_GA_30062_M51253-56308","1893 Clinton Dr, Marietta, GA 30062","3","2.5","null","$497,000"
"1656273138-196","https://www.realtor.com/realestateandhomes-search/30062/pg-2","","https://www.realtor.com/realestateandhomes-detail/2435-Lizdionne-Loop_Marietta_GA_30062_M99254-52271","2435 Lizdionne Loop, Marietta, GA 30062","4","4.5","3,659","$953,054"
"1656273213-210","https://www.realtor.com/realestateandhomes-search/30062/pg-2","","https://www.realtor.com/realestateandhomes-detail/4554-Rutherford-Dr_Marietta_GA_30062_M57853-03959","4554 Rutherford Dr, Marietta, GA 30062","6","4.5","4,716","$930,000"
"1656273472-259","https://www.realtor.com/realestateandhomes-search/30062/pg-1","","https://www.realtor.com/realestateandhomes-detail/1103-Azalea-Cir_Marietta_GA_30062_M65534-13118","1103 Azalea Cir, Marietta, GA 30062","4","1.5","1,620","$325,000"
"1656272497-107","https://www.realtor.com/realestateandhomes-search/30062/pg-4","","https://www.realtor.com/realestateandhomes-detail/1860-Leighton-Ln-NE_Marietta_GA_30062_M61072-05764","1860 Leighton Ln NE, Marietta, GA 30062","5","4","3,949","$869,500"
"1656272537-113","https://www.realtor.com/realestateandhomes-search/30062/pg-4","","https://www.realtor.com/realestateandhomes-detail/3870-Sweat-Creek-Run_Marietta_GA_30062_M51634-71664","3870 Sweat Creek Run, Marietta, GA 30062","6","5","5,931","$999,900"
"1656272072-50","https://www.realtor.com/realestateandhomes-search/30062/pg-6","","https://www.realtor.com/realestateandhomes-detail/1924-Wynn-Dr_Marietta_GA_30062_M54739-41935","1924 Wynn Dr, Marietta, GA 30062","3","2","1,589","$354,000"
"1656272835-154","https://www.realtor.com/realestateandhomes-search/30062/pg-3","","https://www.realtor.com/realestateandhomes-detail/1552-Smithwood-Dr_Marietta_GA_30062_M59464-36820","1552 Smithwood Dr, Marietta, GA 30062","3","2","1,666","$449,000"
"1656272891-162","https://www.realtor.com/realestateandhomes-search/30062/pg-3","","https://www.realtor.com/realestateandhomes-detail/1980-Kramer-Way_Marietta_GA_30062_M69365-29752","1980 Kramer Way, Marietta, GA 30062","4","3","2,411","$410,000"
"1656272635-127","https://www.realtor.com/realestateandhomes-search/30062/pg-4","","https://www.realtor.com/realestateandhomes-detail/2105-Blaylock-Dr_Marietta_GA_30062_M61425-18837","2105 Blaylock Dr, Marietta, GA 30062","3","2.5","1,579","$450,000"
"1656272101-53","https://www.realtor.com/realestateandhomes-search/30062/pg-5","","https://www.realtor.com/realestateandhomes-detail/2643-Octavia-Ln_Marietta_GA_30062_M67325-61876","2643 Octavia Ln, Marietta, GA 30062","5","6.5","6,200","$1,695,000"
"1656273024-180","https://www.realtor.com/realestateandhomes-search/30062/pg-2","","https://www.realtor.com/realestateandhomes-detail/3402-Devoe-Ct_Marietta_GA_30062_M69318-34243","3402 Devoe Ct, Marietta, GA 30062","5","3","2,920","$595,000"
"1656272862-158","https://www.realtor.com/realestateandhomes-search/30062/pg-3","","https://www.realtor.com/realestateandhomes-detail/4172-Avid-Park-6_Marietta_GA_30062_M94233-20834","4172 Avid Park Unit 6, Marietta, GA 30062","4","3.5","2,913","$948,000"
"1656273449-256","https://www.realtor.com/realestateandhomes-search/30062/pg-1","","https://www.realtor.com/realestateandhomes-detail/1870-Kristen-Mill-Way_Marietta_GA_30062_M65046-54744","1870 Kristen Mill Way, Marietta, GA 30062","3","2.5","null","$425,000"
"1656272621-125","https://www.realtor.com/realestateandhomes-search/30062/pg-4","","https://www.realtor.com/realestateandhomes-detail/4105-Avid-Park-27_Marietta_GA_30062_M98201-78758","4105 Avid Park NE Unit 27, Marietta, GA 30062","3","3.5","null","$833,000"
"1656273190-205","https://www.realtor.com/realestateandhomes-search/30062/pg-2","","https://www.realtor.com/realestateandhomes-detail/1562-Dewberry-Trl_Marietta_GA_30062_M56937-02346","1562 Dewberry Trl, Marietta, GA 30062","3","2","null","$335,000"
"1656272735-140","https://www.realtor.com/realestateandhomes-search/30062/pg-3","","https://www.realtor.com/realestateandhomes-detail/3975-Chapel-Grove-Dr_Marietta_GA_30062_M51444-51512","3975 Chapel Grove Dr, Marietta, GA 30062","6","5","5,310","$1,097,000"
"1656272307-81","https://www.realtor.com/realestateandhomes-search/30062/pg-5","","https://www.realtor.com/realestateandhomes-detail/4058-Cloister-Dr_Marietta_GA_30062_M62555-91930","4058 Cloister Dr, Marietta, GA 30062","4","3.5","4,225","$639,900"
"1656273094-190","https://www.realtor.com/realestateandhomes-search/30062/pg-2","","https://www.realtor.com/realestateandhomes-detail/3620-Allpoint-Dr_Marietta_GA_30062_M56945-15900","3620 Allpoint Dr, Marietta, GA 30062","4","2.5","2,105","$445,000"
"1656272587-120","https://www.realtor.com/realestateandhomes-search/30062/pg-4","","https://www.realtor.com/realestateandhomes-detail/1835-Tree-Top-Way_Marietta_GA_30062_M53059-09800","1835 Tree Top Way, Marietta, GA 30062","4","3","3,165","$430,000"
"1656271876-23","https://www.realtor.com/realestateandhomes-search/30062/pg-6","","https://www.realtor.com/realestateandhomes-detail/4349-Bishop-Lake-Rd_Marietta_GA_30062_M50559-67123","4349 Bishop Lake Rd, Marietta, GA 30062","null","null","null","$675,000"
"1656272764-144","https://www.realtor.com/realestateandhomes-search/30062/pg-3","","https://www.realtor.com/realestateandhomes-detail/1949-Mozelle-Dr_Marietta_GA_30062_M59346-34888","1949 Mozelle Dr, Marietta, GA 30062","4","2","2,660","$599,000"
"1656272232-71","https://www.realtor.com/realestateandhomes-search/30062/pg-5","","https://www.realtor.com/realestateandhomes-detail/1702-Barrington-Cir_Marietta_GA_30062_M55775-41255","1702 Barrington Cir, Marietta, GA 30062","4","2.5","3,436","$600,000"
"1656272991-176","https://www.realtor.com/realestateandhomes-search/30062/pg-3","","https://www.realtor.com/realestateandhomes-detail/57-Kathryn-Way_Marietta_GA_30062_M62761-88624","57 Kathryn Way, Marietta, GA 30062","3","2.5","2,090","$430,000"
"1656272714-137","https://www.realtor.com/realestateandhomes-search/30062/pg-3","","https://www.realtor.com/realestateandhomes-detail/2443-Lizdionne-Loop_Marietta_GA_30062_M96663-63926","2443 Lizdionne Loop, Marietta, GA 30062","4","4.5","3,659","$960,623"
"1656272905-164","https://www.realtor.com/realestateandhomes-search/30062/pg-3","","https://www.realtor.com/realestateandhomes-detail/1842-Hill-Rd_Marietta_GA_30062_M64999-59235","1842 Hill Rd, Marietta, GA 30062","4","2.5","2,631","$450,000"
"1656272064-49","https://www.realtor.com/realestateandhomes-search/30062/pg-6","","https://www.realtor.com/realestateandhomes-detail/2793-Sewell-Mill-Rd_Marietta_GA_30062_M98674-91594","2793 Sewell Mill Rd, Marietta, GA 30062","null","null","null","$300,000"
"1656272247-73","https://www.realtor.com/realestateandhomes-search/30062/pg-5","","https://www.realtor.com/realestateandhomes-detail/2433-Hembree-Dr_Marietta_GA_30062_M61957-45975","2433 Hembree Dr, Marietta, GA 30062","7","6.5","6,922","$1,899,900"
"1656273465-258","https://www.realtor.com/realestateandhomes-search/30062/pg-1","","https://www.realtor.com/realestateandhomes-detail/4455-Freeman-Rd_Marietta_GA_30062_M53030-25801","4455 Freeman Rd, Marietta, GA 30062","6","4","4,086","$775,000"
"1656272806-150","https://www.realtor.com/realestateandhomes-search/30062/pg-3","","https://www.realtor.com/realestateandhomes-detail/4109-Avid-Park-26_Marietta_GA_30062_M90762-25561","4109 Avid Park NE Unit 26, Marietta, GA 30062","3","3.5","2,898","$924,195"
"1656271934-31","https://www.realtor.com/realestateandhomes-search/30062/pg-6","","https://www.realtor.com/realestateandhomes-detail/913-Sunny-Meadows-Ln_Marietta_GA_30062_M53286-66478","913 Sunny Meadows Ln, Marietta, GA 30062","5","5.5","4,232","$1,135,000"
"1656272226-70","https://www.realtor.com/realestateandhomes-search/30062/pg-5","","https://www.realtor.com/realestateandhomes-detail/1981-Kinridge-Rd_Marietta_GA_30062_M67655-16342","1981 Kinridge Rd, Marietta, GA 30062","4","3","2,534","$468,000"
"1656272531-112","https://www.realtor.com/realestateandhomes-search/30062/pg-4","","https://www.realtor.com/realestateandhomes-detail/2555-Lulworth-Ln_Marietta_GA_30062_M53299-01972","2555 Lulworth Ln, Marietta, GA 30062","5","5.5","5,590","$1,175,000"
"1656272041-46","https://www.realtor.com/realestateandhomes-search/30062/pg-6","","https://www.realtor.com/realestateandhomes-detail/4264-Biltmore-Pl-NE_Marietta_GA_30062_M90531-91931","4264 Biltmore Pl NE, Marietta, GA 30062","6","6.5","8,070","$1,750,000"
"1656272580-119","https://www.realtor.com/realestateandhomes-search/30062/pg-4","","https://www.realtor.com/realestateandhomes-detail/2077-Haverhill-Dr_Marietta_GA_30062_M65027-85149","2077 Haverhill Dr, Marietta, GA 30062","5","3.5","4,522","$825,000"
"1656272019-43","https://www.realtor.com/realestateandhomes-search/30062/pg-6","","https://www.realtor.com/realestateandhomes-detail/1609-Wildwood-Rd_Marietta_GA_30062_M57092-04979","1609 Wildwood Rd, Marietta, GA 30062","3","2","1,050","$327,000"
"1656273163-200","https://www.realtor.com/realestateandhomes-search/30062/pg-2","","https://www.realtor.com/realestateandhomes-detail/3652-Chestnut-Ridge-Ct_Marietta_GA_30062_M63113-30408","3652 Chestnut Ridge Ct, Marietta, GA 30062","3","2.5","3,078","$525,000"
"1656272706-136","https://www.realtor.com/realestateandhomes-search/30062/pg-3","","https://www.realtor.com/realestateandhomes-detail/2439-Lizdionne-Loop_Marietta_GA_30062_M90765-71694","2439 Lizdionne Loop, Marietta, GA 30062","4","4.5","3,659","$950,384"
"1656273030-181","https://www.realtor.com/realestateandhomes-search/30062/pg-2","","https://www.realtor.com/realestateandhomes-detail/2442-Salem-Dr-NE_Marietta_GA_30062_M52702-26971","2442 Salem Dr NE, Marietta, GA 30062","5","2.5","2,148","$500,000"
"1656272643-128","https://www.realtor.com/realestateandhomes-search/30062/pg-4","","https://www.realtor.com/realestateandhomes-detail/1775-Millview-Dr_Marietta_GA_30062_M63342-14845","1775 Millview Dr, Marietta, GA 30062","3","3.5","1,492","$340,000"
"1656272219-69","https://www.realtor.com/realestateandhomes-search/30062/pg-5","","https://www.realtor.com/realestateandhomes-detail/3270-Wendwood-Dr_Marietta_GA_30062_M54376-67651","3270 Wendwood Dr, Marietta, GA 30062","4","2","null","$421,000"
"1656272277-77","https://www.realtor.com/realestateandhomes-search/30062/pg-5","","https://www.realtor.com/realestateandhomes-detail/3401-Camelot-Dr_Marietta_GA_30062_M53936-45201","3401 Camelot Dr, Marietta, GA 30062","3","2","3,024","$489,000"
"1656272657-130","https://www.realtor.com/realestateandhomes-search/30062/pg-4","","https://www.realtor.com/realestateandhomes-detail/2212-Concord-Sq-NE_Marietta_GA_30062_M69398-95059","2212 Concord Sq NE, Marietta, GA 30062","4","2.5","null","$524,900"
"1656272260-75","https://www.realtor.com/realestateandhomes-search/30062/pg-5","","https://www.realtor.com/realestateandhomes-detail/2555-Acacia-Park-Pl_Marietta_GA_30062_M63422-79330","2555 Acacia Park Pl, Marietta, GA 30062","5","4.5","6,720","$1,200,000"
"1656272552-115","https://www.realtor.com/realestateandhomes-search/30062/pg-4","","https://www.realtor.com/realestateandhomes-detail/2632-Sheila-Ln_Marietta_GA_30062_M51324-62731","2632 Sheila Ln, Marietta, GA 30062","4","2","2,311","$435,000"
"1656271971-36","https://www.realtor.com/realestateandhomes-search/30062/pg-6","","https://www.realtor.com/realestateandhomes-detail/2660-Roswell-Rd_Marietta_GA_30062_M55980-70078","2660 Roswell Rd, Marietta, GA 30062","null","null","null","$360,000"
"1656272650-129","https://www.realtor.com/realestateandhomes-search/30062/pg-4","","https://www.realtor.com/realestateandhomes-detail/2924-Wendover-St_Marietta_GA_30062_M61154-97880","2924 Wendover St, Marietta, GA 30062","5","3","2,576","$460,000"
"1656272559-116","https://www.realtor.com/realestateandhomes-search/30062/pg-4","","https://www.realtor.com/realestateandhomes-detail/1326-Cameron-Glen-Dr_Marietta_GA_30062_M68247-57818","1326 Cameron Glen Dr, Marietta, GA 30062","5","4.5","4,506","$539,900"
"1656272362-89","https://www.realtor.com/realestateandhomes-search/30062/pg-5","","https://www.realtor.com/realestateandhomes-detail/764-Woodmont-Dr_Marietta_GA_30062_M50400-69087","764 Woodmont Dr, Marietta, GA 30062","4","2.5","2,704","$425,000"
"1656273355-237","https://www.realtor.com/realestateandhomes-search/30062/pg-1","","https://www.realtor.com/realestateandhomes-detail/2001-Winsted-Way_Marietta_GA_30062_M65473-17951","2001 Winsted Way, Marietta, GA 30062","5","3.5","3,362","$850,000"
"1656271927-30","https://www.realtor.com/realestateandhomes-search/30062/pg-6","","https://www.realtor.com/realestateandhomes-detail/909-Sunny-Meadows-Ln_Marietta_GA_30062_M55916-38631","909 Sunny Meadows Ln, Marietta, GA 30062","5","5.5","4,393","$1,149,900"
"1656272517-110","https://www.realtor.com/realestateandhomes-search/30062/pg-4","","https://www.realtor.com/realestateandhomes-detail/2121-Heritage-Trace-Dr_Marietta_GA_30062_M56090-24679","2121 Heritage Trace Dr, Marietta, GA 30062","4","2.5","2,644","$485,000"
"1656273018-179","https://www.realtor.com/realestateandhomes-search/30062/pg-2","","https://www.realtor.com/realestateandhomes-detail/2715-Long-Grove-Dr_Marietta_GA_30062_M62902-75150","2715 Long Grove Dr, Marietta, GA 30062","5","4.5","7,500","$1,500,000"
"1656272057-48","https://www.realtor.com/realestateandhomes-search/30062/pg-6","","https://www.realtor.com/realestateandhomes-detail/3830-Bluffview-Dr_Marietta_GA_30062_M56142-82325","3830 Bluffview Dr, Marietta, GA 30062","null","null","null","$175,000"
"1656273245-217","https://www.realtor.com/realestateandhomes-search/30062/pg-2","","https://www.realtor.com/realestateandhomes-detail/697-Tom-Read-Dr_Marietta_GA_30062_M61908-04126","697 Tom Read Dr, Marietta, GA 30062","2","1","768","$288,000"
"1656271859-21","https://www.realtor.com/realestateandhomes-search/30062/pg-6","","https://www.realtor.com/realestateandhomes-detail/4257-Biltmore-Pl-NE_Marietta_GA_30062_M98625-76463","4257 Biltmore Pl NE, Marietta, GA 30062","6","6.5","4,825","$1,790,000"
"1656272173-63","https://www.realtor.com/realestateandhomes-search/30062/pg-5","","https://www.realtor.com/realestateandhomes-detail/2240-Piedmont-Forest-Dr_Marietta_GA_30062_M64440-60322","2240 Piedmont Forest Dr, Marietta, GA 30062","4","3","2,402","$499,900"
"1656272813-151","https://www.realtor.com/realestateandhomes-search/30062/pg-3","","https://www.realtor.com/realestateandhomes-detail/4156-Avid-Park-2_Marietta_GA_30062_M96187-20982","4156 Avid Park NE Unit 2, Marietta, GA 30062","3","3.5","null","$810,000"
"1656273231-214","https://www.realtor.com/realestateandhomes-search/30062/pg-2","","https://www.realtor.com/realestateandhomes-detail/766-Coventry-Township-Pl_Marietta_GA_30062_M60510-94108","766 Coventry Township, Marietta, GA 30062","3","2.5","1,676","$312,000"
"1656273003-177","https://www.realtor.com/realestateandhomes-search/30062/pg-2","","https://www.realtor.com/realestateandhomes-detail/1380-Allgood-Rd_Marietta_GA_30062_M61116-36743","1380 Allgood Rd, Marietta, GA 30062","null","null","null","$407,000"
"1656272820-152","https://www.realtor.com/realestateandhomes-search/30062/pg-3","","https://www.realtor.com/realestateandhomes-detail/4160-Avid-Park-3_Marietta_GA_30062_M98806-71766","4160 Avid Park NE Unit 3, Marietta, GA 30062","3","3.5","null","$827,000"
"1656272490-106","https://www.realtor.com/realestateandhomes-search/30062/pg-4","","https://www.realtor.com/realestateandhomes-detail/898-Halston-Ct_Marietta_GA_30062_M61765-05376","898 Halston Ct, Marietta, GA 30062","3","2.5","1,361","$385,000"
"1656271956-34","https://www.realtor.com/realestateandhomes-search/30062/pg-6","","https://www.realtor.com/realestateandhomes-detail/4261-Biltmore-Pl-NE_Marietta_GA_30062_M96794-32913","4261 Biltmore Pl NE, Marietta, GA 30062","5","5.5","5,535","$1,695,000"
"1656273154-198","https://www.realtor.com/realestateandhomes-search/30062/pg-2","","https://www.realtor.com/realestateandhomes-detail/2733-Riderwood-Ln-NE_Marietta_GA_30062_M68214-49892","2733 Riderwood Ln NE, Marietta, GA 30062","6","5","null","$789,999"
"1656273279-223","https://www.realtor.com/realestateandhomes-search/30062/pg-1","","https://www.realtor.com/realestateandhomes-detail/4412-Spring-Cir-NE_Marietta_GA_30062_M50526-50454","4412 Spring Cir NE, Marietta, GA 30062","4","4","4,408","$1,300,000"
"1656272432-98","https://www.realtor.com/realestateandhomes-search/30062/pg-4","","https://www.realtor.com/realestateandhomes-detail/1432-Grovehurst-Dr_Marietta_GA_30062_M63505-11434","1432 Grovehurst Dr, Marietta, GA 30062","4","2.5","3,096","$669,999"
"1656272785-147","https://www.realtor.com/realestateandhomes-search/30062/pg-3","","https://www.realtor.com/realestateandhomes-detail/1717-Kinsmon-Cv_Marietta_GA_30062_M57839-62385","1717 Kinsmon Cv, Marietta, GA 30062","5","4","4,169","$800,000"
"1656272777-146","https://www.realtor.com/realestateandhomes-search/30062/pg-3","","https://www.realtor.com/realestateandhomes-detail/2127-Mitchell-Rd-NE_Marietta_GA_30062_M63856-27322","2127 Mitchell Rd NE, Marietta, GA 30062","6","5.5","4,681","$1,250,000"
"1656273363-239","https://www.realtor.com/realestateandhomes-search/30062/pg-1","","https://www.realtor.com/realestateandhomes-detail/3550-Saxon-Way_Marietta_GA_30062_M57885-41021","3550 Saxon Way, Marietta, GA 30062","4","3.5","3,677","$785,000"
"1656273100-191","https://www.realtor.com/realestateandhomes-search/30062/pg-2","","https://www.realtor.com/realestateandhomes-detail/3502-Sherborne-Chase_Marietta_GA_30062_M55757-15224","3502 Sherborne Chase, Marietta, GA 30062","5","3.5","null","$723,000"
"1656272524-111","https://www.realtor.com/realestateandhomes-search/30062/pg-4","","https://www.realtor.com/realestateandhomes-detail/4379-Edna-Ln-NE_Marietta_GA_30062_M99710-45804","4379 Edna Ln NE, Marietta, GA 30062","6","5.5","6,292","$959,900"
"1656273319-230","https://www.realtor.com/realestateandhomes-search/30062/pg-1","","https://www.realtor.com/realestateandhomes-detail/2424-Brookvine-Ln_Marietta_GA_30062_M53292-12386","2424 Brookvine Ln, Marietta, GA 30062","3","2.5","2,604","$500,000"
"1656273376-242","https://www.realtor.com/realestateandhomes-search/30062/pg-1","","https://www.realtor.com/realestateandhomes-detail/1809-Trailing-Ivy-Ct_Marietta_GA_30062_M51173-44131","1809 Trailing Ivy Ct, Marietta, GA 30062","4","3.5","3,788","$785,000"
"1656273395-246","https://www.realtor.com/realestateandhomes-search/30062/pg-1","","https://www.realtor.com/realestateandhomes-detail/3926-Brintons-Ml_Marietta_GA_30062_M62724-50657","3926 Brintons Ml, Marietta, GA 30062","4","2.5","2,444","$500,000"
"1656272828-153","https://www.realtor.com/realestateandhomes-search/30062/pg-3","","https://www.realtor.com/realestateandhomes-detail/3110-Skyridge-Ct_Marietta_GA_30062_M53560-55237","3110 Skyridge Ct, Marietta, GA 30062","3","2","1,753","$400,000"
"1656272884-161","https://www.realtor.com/realestateandhomes-search/30062/pg-3","","https://www.realtor.com/realestateandhomes-detail/3360-Keenland-Rd_Marietta_GA_30062_M57231-39812","3360 Keenland Rd, Marietta, GA 30062","5","4.5","5,558","$799,900"
"1656272686-134","https://www.realtor.com/realestateandhomes-search/30062/pg-4","","https://www.realtor.com/realestateandhomes-detail/1134-Highland-Dr_Marietta_GA_30062_M69711-38440","1134 Highland Dr, Marietta, GA 30062","3","1.5","1,296","$270,000"
"1656272295-79","https://www.realtor.com/realestateandhomes-search/30062/pg-5","","https://www.realtor.com/realestateandhomes-detail/4000-Amberley-Ln_Marietta_GA_30062_M69792-36522","4000 Amberley Ln, Marietta, GA 30062","4","4.5","3,123","$699,000"
"1656271978-37","https://www.realtor.com/realestateandhomes-search/30062/pg-6","","https://www.realtor.com/realestateandhomes-detail/2282-Pan-Am-Ln_Marietta_GA_30062_M96584-73527","2282 Pan Am Ln, Marietta, GA 30062","5","5.5","5,000","$1,375,000"
"1656273202-208","https://www.realtor.com/realestateandhomes-search/30062/pg-2","","https://www.realtor.com/realestateandhomes-detail/2437-Kingsley-Dr-NE_Marietta_GA_30062_M53631-61660","2437 Kingsley Dr NE, Marietta, GA 30062","5","3","4,119","$649,900"
"1656273429-253","https://www.realtor.com/realestateandhomes-search/30062/pg-1","","https://www.realtor.com/realestateandhomes-detail/1551-Old-Mill-Xing_Marietta_GA_30062_M57957-33348","1551 Old Mill Xing, Marietta, GA 30062","4","2.5","2,798","$550,000"
"1656273240-216","https://www.realtor.com/realestateandhomes-search/30062/pg-2","","https://www.realtor.com/realestateandhomes-detail/1421-Chardin-Dr_Marietta_GA_30062_M54187-88340","1421 Chardin Dr, Marietta, GA 30062","3","2.5","1,860","$367,000"
"1656273479-260","https://www.realtor.com/realestateandhomes-search/30062/pg-1","","https://www.realtor.com/realestateandhomes-detail/4653-Amberwood-Trl_Marietta_GA_30062_M52454-64958","4653 Amberwood Trl, Marietta, GA 30062","5","6","5,359","$750,000"
"1656271950-33","https://www.realtor.com/realestateandhomes-search/30062/pg-6","","https://www.realtor.com/realestateandhomes-detail/2454-Marneil-Dr-NE_Marietta_GA_30062_M54738-04243","2454 Marneil Dr NE, Marietta, GA 30062","null","null","null","$375,000"
"1656272410-95","https://www.realtor.com/realestateandhomes-search/30062/pg-4","","https://www.realtor.com/realestateandhomes-detail/1915-Mozelle-Dr_Marietta_GA_30062_M58535-15152","1915 Mozelle Dr, Marietta, GA 30062","5","4","null","$749,999"
"1656272948-170","https://www.realtor.com/realestateandhomes-search/30062/pg-3","","https://www.realtor.com/realestateandhomes-detail/3331-Casteel-Rd-NE_Marietta_GA_30062_M60775-12512","3331 Casteel Rd NE, Marietta, GA 30062","4","2.5","2,165","$470,000"
"1656272722-138","https://www.realtor.com/realestateandhomes-search/30062/pg-3","","https://www.realtor.com/realestateandhomes-detail/2213-Lasalle-Dr_Marietta_GA_30062_M58512-27411","2213 Lasalle Dr, Marietta, GA 30062","5","4.5","4,631","$925,000"
"1656272403-94","https://www.realtor.com/realestateandhomes-search/30062/pg-4","","https://www.realtor.com/realestateandhomes-detail/1145-Barnes-Mill-Rd_Marietta_GA_30062_M66691-87029","1145 Barnes Mill Rd, Marietta, GA 30062","null","null","null","$479,000"
"1656273146-197","https://www.realtor.com/realestateandhomes-search/30062/pg-2","","https://www.realtor.com/realestateandhomes-detail/3471-Post-Oak-Tritt-Rd_Marietta_GA_30062_M53739-31517","3471 Post Oak Tritt Rd, Marietta, GA 30062","5","3","2,638","$519,000"
"1656273045-183","https://www.realtor.com/realestateandhomes-search/30062/pg-2","","https://www.realtor.com/realestateandhomes-detail/3110-Meadow-Dr_Marietta_GA_30062_M53671-60488","3110 Meadow Dr, Marietta, GA 30062","4","3","1,944","$435,000"
"1656273186-204","https://www.realtor.com/realestateandhomes-search/30062/pg-2","","https://www.realtor.com/realestateandhomes-detail/3317-Rangers-Gate_Marietta_GA_30062_M66088-73064","3317 Rangers Gate, Marietta, GA 30062","4","3","2,680","$456,000"
"1656273283-224","https://www.realtor.com/realestateandhomes-search/30062/pg-1","","https://www.realtor.com/realestateandhomes-detail/1701-Old-Canton-Rd_Marietta_GA_30062_M55289-83732","1701 Old Canton Rd, Marietta, GA 30062","6","6.5","null","$1,250,000"
"1656271919-29","https://www.realtor.com/realestateandhomes-search/30062/pg-6","","https://www.realtor.com/realestateandhomes-detail/905-Sunny-Meadows-Ln_Marietta_GA_30062_M69476-36712","905 Sunny Meadows Ln, Marietta, GA 30062","5","5.5","4,231","$1,124,900"
"1656272912-165","https://www.realtor.com/realestateandhomes-search/30062/pg-3","","https://www.realtor.com/realestateandhomes-detail/2774-Whitehurst-Dr-NE_Marietta_GA_30062_M52092-41945","2774 Whitehurst Dr NE, Marietta, GA 30062","4","3.5","3,400","$850,000"
"1656273066-186","https://www.realtor.com/realestateandhomes-search/30062/pg-2","","https://www.realtor.com/realestateandhomes-detail/3541-Winfair-Pl_Marietta_GA_30062_M50650-56865","3541 Winfair Pl, Marietta, GA 30062","3","2.5","2,308","$425,000"
"1656272628-126","https://www.realtor.com/realestateandhomes-search/30062/pg-4","","https://www.realtor.com/realestateandhomes-detail/2571-Acacia-Park-Pl_Marietta_GA_30062_M63784-27294","2571 Acacia Park Pl, Marietta, GA 30062","6","6.5+","7,330","$1,299,999"
"1656273175-202","https://www.realtor.com/realestateandhomes-search/30062/pg-2","","https://www.realtor.com/realestateandhomes-detail/2800-Meadow-Dr_Marietta_GA_30062_M61232-86462","2800 Meadow Dr, Marietta, GA 30062","3","2","3,018","$459,900"
"1656273370-241","https://www.realtor.com/realestateandhomes-search/30062/pg-1","","https://www.realtor.com/realestateandhomes-detail/4258-Green-Ridge-Dr_Marietta_GA_30062_M50785-87550","4258 Green Ridge Dr, Marietta, GA 30062","5","5","4,819","$895,000"
"1656272287-78","https://www.realtor.com/realestateandhomes-search/30062/pg-5","","https://www.realtor.com/realestateandhomes-detail/2919-Post-Oak-Tritt-Rd_Marietta_GA_30062_M50383-88971","2919 Post Oak Tritt Rd, Marietta, GA 30062","5","3","2,458","$439,000"
